run_time,read_time,accel_x,accel_y,accel_z,mag_x,mag_y,mag_z,gyro_x,gyro_y,gyro_z
0.0179,0.0179,0.7352,-0.0832,10.3597,0.6041,0.1214,-0.5390,0.0878,0.0832,-0.1220
0.0359,0.0177,0.5168,-0.1561,11.1111,0.6075,0.1186,-0.5397,0.1058,0.0455,-0.1872
0.0539,0.0178,-0.6598,-0.4612,10.8377,0.6103,0.1169,-0.5264,0.0930,0.0977,-0.0742
0.0719,0.0178,-1.1563,-0.3727,10.5565,0.6103,0.1169,-0.5264,0.0505,0.1031,0.1028
0.0899,0.0178,-0.4857,0.1747,10.5350,0.6066,0.1205,-0.5341,0.0864,0.0605,0.1949
0.1079,0.0178,-0.3159,-0.1304,10.4172,0.6100,0.1264,-0.5218,0.1697,0.0429,0.1336
0.1259,0.0178,-0.2506,-0.4750,9.7902,0.6100,0.1264,-0.5218,0.2506,-0.0637,0.1060
0.1439,0.0178,0.1077,-0.2907,9.8291,0.6083,0.1261,-0.5153,0.3225,-0.2124,0.0513
0.1619,0.0178,0.4110,-0.3326,9.9212,0.5996,0.1281,-0.5229,0.3361,-0.4023,0.0313
0.1799,0.0178,-0.7244,-0.5773,9.7280,0.6055,0.1312,-0.5174,0.2463,-0.3319,0.0677
0.1979,0.0178,-0.9505,-0.9320,8.5902,0.6055,0.1312,-0.5174,0.1347,0.1658,0.0513
0.2159,0.0178,-0.9601,-1.0828,8.2851,0.5949,0.1410,-0.5169,-0.0338,0.8621,-0.0460
0.2339,0.0178,0.1202,-1.3119,8.5693,0.5979,0.1410,-0.5025,-0.2679,1.4282,-0.1894
0.2519,0.0178,1.7970,-0.8674,10.3950,0.5979,0.1410,-0.5025,-0.5440,1.3491,-0.2491
0.2699,0.0178,0.4008,-0.1059,9.3404,0.6061,0.1491,-0.4941,-0.7072,1.5980,-0.2524
0.2879,0.0178,0.4277,0.3452,8.5071,0.6192,0.1539,-0.4638,-0.7252,1.9114,-0.2656
0.3059,0.0178,2.8020,0.5850,8.7565,0.6192,0.1539,-0.4638,-0.9038,4.4137,-0.7008
0.3239,0.0178,-11.5669,-3.2094,10.0744,0.6217,0.1645,-0.4414,-1.6580,5.0034,-0.2581
0.3419,0.0178,-4.4411,3.1573,6.2578,0.6735,0.1508,-0.3758,-1.5991,1.5055,1.3305
0.3599,0.0178,5.6231,0.2626,14.7912,0.6917,0.1273,-0.3394,-0.9948,-1.5858,0.8902
0.3779,0.0178,3.2770,0.7196,6.3661,0.6917,0.1273,-0.3394,-1.1008,0.9068,0.2347
0.3959,0.0178,6.0556,-0.4708,6.9410,0.6859,0.1161,-0.3373,-1.3943,1.1843,0.2761
0.4139,0.0178,3.4666,-0.3410,6.7484,0.6892,0.1088,-0.3210,-1.7005,1.4083,0.1051
0.4319,0.0178,1.5739,1.8126,8.3468,0.6892,0.1088,-0.3210,-1.6829,1.1779,-0.2905
0.4499,0.0178,1.9208,2.3767,8.3390,0.6923,0.0981,-0.2901,-1.1171,0.8418,-0.0498
0.4679,0.0178,4.4578,3.4558,7.3932,0.6976,0.0953,-0.2902,-0.5455,0.2343,0.4497
0.4859,0.0178,5.7631,2.3169,7.2778,0.6976,0.0953,-0.2902,-0.3114,-0.3343,0.8902
0.5039,0.0178,5.8289,0.9416,7.7563,0.6945,0.0892,-0.2694,-0.4456,-0.2004,1.0171
0.5219,0.0178,5.6082,0.8166,8.5298,0.6847,0.0791,-0.2667,-0.7359,0.1187,1.0137
0.5399,0.0178,4.6828,2.4455,9.6538,0.6747,0.0685,-0.2695,-0.8751,0.0663,0.8673
0.5579,0.0178,4.4423,2.3904,9.5396,0.6747,0.0685,-0.2695,-0.8189,0.4858,0.5977
0.5759,0.0178,3.4863,3.3009,9.1244,0.6699,0.0545,-0.2601,-0.8363,0.5583,0.5160
0.5939,0.0178,4.0522,3.0341,7.8359,0.6699,0.0427,-0.2421,-1.1414,-0.5217,0.6681
0.6119,0.0178,4.1414,2.8367,8.3928,0.6699,0.0427,-0.2421,-1.5174,-0.1981,0.7573
0.6299,0.0178,5.6225,3.0760,8.4221,0.6576,0.0385,-0.2436,-1.8827,0.0087,0.7572
0.6479,0.0178,4.3842,3.9787,8.7655,0.6489,0.0234,-0.2328,-2.1845,0.0918,0.6182
0.6659,0.0178,3.2824,4.0534,8.3940,0.6489,0.0234,-0.1970,-2.3474,0.3978,0.6141
0.6839,0.0178,3.5569,4.7420,7.8939,0.6559,0.0069,-0.2136,-2.4166,0.7555,0.7315
0.7019,0.0178,4.6600,5.8295,7.3902,0.6444,-0.0063,-0.1872,-2.4163,0.3172,0.9508
0.7199,0.0178,4.2072,6.0144,7.6032,0.6374,-0.0192,-0.1810,-2.4028,-0.2605,1.1394
0.7379,0.0178,5.1727,5.8134,6.9876,0.6374,-0.0192,-0.1810,-2.5406,-0.1929,1.1295
0.7559,0.0178,5.1464,5.4437,6.5563,0.6201,-0.0307,-0.1569,-2.5832,-0.2375,1.0038
0.7739,0.0178,2.8032,5.9833,6.5067,0.6114,-0.0458,-0.1271,-2.5261,-0.1472,1.0107
0.7919,0.0178,2.5041,5.8038,5.4365,0.6114,-0.0458,-0.1271,-2.4352,-0.0165,0.9943
0.8099,0.0178,3.0939,6.3918,5.3498,0.6063,-0.0564,-0.1105,-2.2672,-0.1953,0.9688
0.8279,0.0178,4.1432,7.3831,5.4245,0.6002,-0.0640,-0.0913,-1.9923,-0.3222,0.9140
0.8459,0.0178,4.7234,7.4686,4.7372,0.6002,-0.0640,-0.0913,-1.7138,-0.6183,0.8126
0.8639,0.0178,4.7581,4.5823,3.3936,0.5901,-0.0648,-0.0757,-1.4778,-0.8853,0.7387
0.8831,0.0190,2.1990,9.1137,4.2126,0.5783,-0.0654,-0.0633,-1.3289,-0.2425,0.7563
0.9020,0.0186,2.2995,7.3508,4.1049,0.5671,-0.0668,-0.0602,-1.2666,0.0906,0.8482
0.9209,0.0186,2.0213,8.3294,4.2395,0.5671,-0.0668,-0.0602,-1.1080,-0.2011,0.9795
0.9389,0.0178,2.1996,7.9591,4.0158,0.5576,-0.0631,-0.0573,-1.0605,-0.3758,1.0319
0.9569,0.0178,2.4407,8.2726,3.9763,0.5447,-0.0699,-0.0344,-1.0136,-0.4704,0.9818
0.9759,0.0184,2.4263,8.2080,3.5462,0.5400,-0.0710,-0.0339,-0.9655,-0.4661,0.9004
0.9939,0.0178,2.0847,8.1829,2.9360,0.5400,-0.0710,-0.0339,-0.9652,-0.2463,0.7341
1.0119,0.0178,1.6857,8.3809,3.0185,0.5229,-0.0617,-0.0255,-1.0119,-0.0063,0.6623
1.0299,0.0178,0.8399,9.3679,3.1896,0.5173,-0.0645,-0.0259,-0.9672,-0.1034,0.7778
1.0479,0.0178,0.8082,10.1318,2.9677,0.5173,-0.0645,-0.0259,-0.8800,-0.2960,0.8125
1.0659,0.0178,1.3161,9.5013,2.6518,0.5050,-0.0612,-0.0120,-0.8700,-0.4369,0.8288
1.0839,0.0178,0.9751,9.7944,2.5226,0.4969,-0.0637,-0.0077,-0.8679,-0.4342,0.8322
1.1019,0.0178,0.9673,9.8830,2.5597,0.4969,-0.0637,-0.0077,-0.8244,-0.4753,0.8068
1.1199,0.0178,1.2855,9.8285,2.5729,0.4845,-0.0587,-0.0025,-0.7721,-0.4116,0.7220
1.1379,0.0178,0.6760,9.6604,2.1906,0.4812,-0.0603,-0.0035,-0.6874,-0.2963,0.6874
1.1559,0.0178,0.2004,10.1510,1.6947,0.4610,-0.0609,-0.0154,-0.5563,-0.2775,0.7475
1.1739,0.0178,-0.0538,10.6570,2.0746,0.4610,-0.0609,-0.0154,-0.4395,-0.3818,0.6981
1.1919,0.0178,0.2004,10.2814,2.3755,0.4647,-0.0489,0.0045,-0.2640,-0.4717,0.6507
1.2099,0.0178,-0.0365,9.7699,1.6971,0.4467,-0.0444,0.0042,-0.1729,-0.7086,0.5489
1.2279,0.0178,0.0491,9.5007,1.8449,0.4467,-0.0444,0.0042,-0.1697,-0.7433,0.4262
1.2459,0.0178,0.3129,9.8076,1.7647,0.4372,-0.0539,-0.0069,-0.0380,-0.5789,0.3221
1.2639,0.0178,0.2058,9.6287,1.4160,0.4372,-0.0475,0.0080,0.1969,-0.4223,0.2897
1.2819,0.0178,-0.1507,9.4481,1.0469,0.4372,-0.0475,0.0080,0.5489,-0.3989,0.3262
1.2999,0.0178,-0.6419,9.3236,1.2461,0.4277,-0.0438,-0.0106,0.8517,-0.4783,0.4019
1.3179,0.0178,0.1639,9.4857,1.1049,0.4168,-0.0377,-0.0137,0.9641,-0.3771,0.4052
1.3359,0.0178,-0.5791,9.5934,1.8096,0.4115,-0.0475,-0.0349,0.9875,-0.1182,0.3135
1.3539,0.0178,-0.1795,9.6700,2.2654,0.4115,-0.0475,-0.0349,1.1342,-0.3682,0.3242
1.3719,0.0178,-0.1053,9.1878,2.4826,0.4075,-0.0435,-0.0454,1.3112,-0.4404,0.1623
1.3901,0.0181,-0.2782,9.1334,3.0664,0.3919,-0.0458,-0.0588,1.5186,-0.4241,0.0324
1.4090,0.0185,-0.9188,9.2273,3.7920,0.3919,-0.0458,-0.0588,1.6994,-0.3085,-0.0470
1.4301,0.0209,-0.3559,9.4720,4.1157,0.3868,-0.0340,-0.0785,1.8590,-0.4290,-0.1188
1.4521,0.0218,-0.2022,9.2620,3.5025,0.3773,-0.0315,-0.0955,2.1266,-0.7185,-0.1095
1.4709,0.0185,-0.5761,9.0126,3.5898,0.3734,-0.0281,-0.1061,2.2628,-0.7504,-0.1688
1.4889,0.0178,-0.8883,7.9322,4.1509,0.3734,-0.0200,-0.1183,2.3117,-0.5250,-0.2159
1.5069,0.0178,-0.7095,8.1344,5.2487,0.3650,-0.0200,-0.1183,2.3845,-0.2648,-0.2981
1.5249,0.0177,-0.2722,8.0602,5.8104,0.3605,-0.0195,-0.1408,2.4149,-0.2459,-0.3937
1.5429,0.0178,-0.2955,7.4495,5.9444,0.3513,-0.0183,-0.1606,2.4244,-0.3729,-0.4339
1.5609,0.0178,-0.4552,7.1839,5.5890,0.3513,-0.0183,-0.1606,2.3511,-0.4566,-0.4128
1.5789,0.0178,-0.7597,6.6419,5.8564,0.3468,-0.0088,-0.1753,2.2338,-0.4233,-0.3322
1.5969,0.0178,-1.1103,6.8501,6.3350,0.3431,-0.0105,-0.1889,2.1408,-0.1390,-0.2404
1.6149,0.0178,-0.6461,6.1705,7.5033,0.3431,-0.0105,-0.1889,1.8873,-0.1182,-0.1539
1.6329,0.0178,-1.4040,5.6686,8.0794,0.3384,-0.0046,-0.2153,1.6591,0.0467,-0.2204
1.6509,0.0178,-1.4650,5.7835,8.0883,0.3364,0.0049,-0.2328,1.5556,0.1491,-0.3896
1.6689,0.0178,-1.1234,5.9827,7.9663,0.3364,0.0200,-0.2370,1.5527,0.0535,-0.3896
1.6869,0.0178,-0.9380,5.5089,7.5374,0.3244,0.0200,-0.2370,1.5101,-0.1254,-0.3100
1.7049,0.0178,-0.5958,4.8604,7.2891,0.3193,0.0256,-0.2489,1.3587,-0.3375,-0.2112
1.7229,0.0178,-0.6688,4.7856,7.3819,0.3193,0.0301,-0.2789,1.0899,-0.0828,-0.1619
1.7409,0.0178,-0.7220,4.9842,8.3330,0.3193,0.0301,-0.2789,1.0168,0.2692,-0.1892
1.7589,0.0178,-0.9188,5.3073,9.1472,0.3193,0.0239,-0.2922,1.1066,0.5626,-0.2219
1.7769,0.0178,-0.2423,4.9310,9.5336,0.3171,0.0304,-0.3058,1.1493,0.5928,-0.2086
1.7949,0.0178,0.0353,4.1695,8.9264,0.3171,0.0304,-0.3058,1.1400,0.4345,-0.2323
1.8129,0.0178,0.1382,3.8841,8.7960,0.3227,0.0315,-0.3202,1.0398,0.4536,-0.2619
1.8309,0.0178,0.1747,3.9446,8.3384,0.3266,0.0393,-0.3419,0.9549,0.4960,-0.3320
1.8499,0.0184,0.1172,3.6796,8.2146,0.3305,0.0480,-0.3546,0.8318,0.5895,-0.3152
1.8679,0.0178,0.7872,3.3248,7.9735,0.3305,0.0480,-0.3546,0.7625,0.6539,-0.2046
1.8950,0.0269,0.9840,3.2345,8.2768,0.3406,0.0522,-0.3653,0.7059,0.4635,-0.2718
1.9139,0.0187,0.8668,2.6076,8.8187,0.3555,0.0508,-0.3791,0.6171,0.2465,-0.3935
1.9320,0.0179,0.9392,2.2277,8.6369,0.3557,0.0609,-0.3858,0.4768,0.1124,-0.4820
1.9499,0.0177,0.5569,1.9095,7.9346,0.3557,0.0609,-0.3858,0.4256,0.0066,-0.5560
1.9679,0.0178,0.1711,2.1805,7.6493,0.3669,0.0601,-0.3868,0.5490,-0.1151,-0.6852
1.9859,0.0178,0.7657,1.7276,7.7055,0.3717,0.0687,-0.4074,0.5936,-0.1264,-0.6785
2.0039,0.0178,0.7890,1.3693,7.1300,0.3801,0.0755,-0.4074,0.6362,-0.1159,-0.6755
2.0219,0.0178,1.3549,1.0295,6.6227,0.3801,0.0755,-0.4074,0.6718,0.0409,-0.6642
2.0399,0.0178,1.1629,0.7388,7.1049,0.3854,0.0875,-0.4224,0.5841,0.1078,-0.7216
2.0579,0.0178,0.6520,0.7537,6.4810,0.3980,0.0945,-0.4221,0.6075,0.0279,-0.7851
2.0759,0.0178,0.8189,0.7932,6.4002,0.3980,0.0945,-0.4221,0.7063,-0.1497,-0.7643
2.0939,0.0178,0.5294,0.8979,6.1454,0.4014,0.1035,-0.4322,0.7187,-0.1848,-0.6458
2.1119,0.0178,1.1097,0.5623,5.8134,0.4017,0.1085,-0.4263,0.6445,-0.0554,-0.5705
2.1299,0.0178,1.3807,0.2913,6.2961,0.4017,0.1085,-0.4263,0.5728,0.1304,-0.5759
2.1479,0.0178,1.2012,0.5145,6.1765,0.4075,0.1231,-0.4113,0.6138,0.1721,-0.3948
2.1659,0.0178,0.2500,0.7041,5.9013,0.4036,0.1303,-0.4222,0.6709,0.0023,-0.1541
2.1839,0.0178,0.9751,0.1932,6.5719,0.4011,0.1284,-0.3970,0.6761,0.1171,-0.0919
2.2019,0.0178,1.5212,0.3188,6.5719,0.4011,0.1284,-0.3970,0.8619,0.1309,-0.2269
2.2199,0.0178,2.5388,0.5240,7.1133,0.4042,0.1343,-0.4131,0.9685,-0.5577,-0.3065
2.2379,0.0178,0.9757,0.3643,6.2417,0.4031,0.1441,-0.3959,0.8328,-0.6309,-0.1223
2.2559,0.0178,0.8859,0.2052,5.9276,0.4031,0.1441,-0.3959,0.7376,-0.0562,-0.0576
2.2739,0.0178,0.5103,-0.7813,6.2943,0.4078,0.1474,-0.3851,0.7818,-0.2566,-0.0099
2.2919,0.0178,-0.5049,-0.8925,7.4106,0.4064,0.1463,-0.3727,1.0088,-0.1564,0.2088
2.3099,0.0178,-0.3523,-0.3230,7.4195,0.4064,0.1463,-0.3727,1.2463,-0.1669,0.4797
2.3279,0.0178,0.9057,0.2231,6.6365,0.4162,0.1583,-0.3702,1.2497,-0.1400,0.6817
2.3459,0.0178,0.4564,-0.8979,6.1496,0.4196,0.1648,-0.3619,1.0663,0.2308,0.7275
2.3639,0.0178,0.6796,-2.0261,6.7866,0.4333,0.1645,-0.3353,0.9015,0.1639,0.5999
2.3819,0.0178,0.2776,-2.0142,6.4666,0.4333,0.1645,-0.3353,0.7909,0.2761,0.2836
2.3999,0.0178,1.6391,-1.0475,7.2347,0.4473,0.1631,-0.3291,0.8305,-0.1625,-0.0122
2.4179,0.0178,0.5055,-1.2323,7.9645,0.4795,0.1729,-0.3244,0.7323,-0.2356,0.0377
2.4359,0.0178,1.2359,-1.6397,8.5950,0.4795,0.1729,-0.3244,0.6194,-0.4499,0.1495
2.4539,0.0178,1.4650,-1.4973,9.2560,0.4960,0.1729,-0.3266,0.5606,-0.3267,0.0925
2.4719,0.0178,1.3190,-1.4692,10.0463,0.5145,0.1715,-0.3272,0.5173,-0.3844,0.0017
2.4899,0.0178,0.9170,-1.6971,10.0558,0.5145,0.1715,-0.3272,0.3297,-0.6345,-0.0964
2.5079,0.0178,0.4923,-1.6708,9.3817,0.5333,0.1805,-0.3315,-0.0976,-0.7126,-0.0544
2.5259,0.0178,0.3978,-1.7186,9.6263,0.5481,0.1908,-0.3501,-0.4921,-0.6058,-0.0238
2.5439,0.0178,0.0353,-1.6020,10.2449,0.5624,0.1880,-0.3689,-0.7242,-0.2984,0.1110
2.5619,0.0178,-0.4199,-0.9081,11.2564,0.5624,0.1880,-0.3689,-0.6286,-0.2309,0.3447
2.5799,0.0177,-0.0784,-0.6060,11.2337,0.5680,0.1838,-0.3906,-0.4734,-0.2217,0.4114
2.5979,0.0178,0.8608,-0.7639,11.5854,0.5632,0.1807,-0.3994,-0.5337,-0.3519,0.4864
2.6159,0.0178,1.2072,-0.7101,12.0257,0.5632,0.1807,-0.3994,-0.5741,-0.2509,0.5252
2.6339,0.0178,0.7388,-0.9500,12.3129,0.5747,0.1802,-0.4131,-0.4615,-0.1448,0.5168
2.6519,0.0178,0.2315,-0.8752,11.3384,0.5783,0.1763,-0.4374,-0.3378,-0.3230,0.4304
2.6699,0.0178,-0.4774,-0.7250,11.1823,0.5783,0.1763,-0.4374,-0.3569,-0.6970,0.2819
2.6879,0.0178,-0.4510,-1.1659,11.4299,0.5744,0.1737,-0.4399,-0.5163,-0.7663,0.2634
2.7059,0.0178,0.3990,-0.5031,11.6010,0.5641,0.1709,-0.4525,-0.5386,-0.8300,0.1811
2.7239,0.0178,-0.1412,-0.2955,11.9007,0.5688,0.1617,-0.4642,-0.3306,-0.7651,0.1843
2.7419,0.0178,-0.2985,0.0024,11.8469,0.5688,0.1617,-0.4642,-0.0837,-0.6161,0.2636
2.7599,0.0178,0.6090,-0.4463,11.5621,0.5613,0.1659,-0.4715,0.0492,-0.3784,0.3088
2.7779,0.0178,0.3894,-0.2853,11.9390,0.5660,0.1553,-0.4799,-0.0382,-0.2213,0.3242
2.7959,0.0178,-0.8297,-0.6281,10.1683,0.5660,0.1553,-0.4799,-0.1104,-0.4191,0.2023
2.8139,0.0178,-0.5414,-0.5569,10.4225,0.5559,0.1628,-0.4959,-0.0907,-0.4397,0.1045
2.8319,0.0178,-0.3637,-0.1053,10.5673,0.5579,0.1606,-0.4936,-0.0444,-0.4516,-0.0027
2.8499,0.0178,-0.1878,-0.4343,11.1290,0.5579,0.1606,-0.4936,0.0079,-0.4221,-0.1029
2.8725,0.0224,-0.3990,-0.3248,11.1721,0.5551,0.1631,-0.5158,-0.0388,-0.2753,-0.0505
2.8920,0.0193,0.1089,-0.5420,11.3462,0.5517,0.1628,-0.5124,-0.1390,-0.0140,0.0029
2.9109,0.0186,-0.0209,-0.3613,10.9107,0.5590,0.1606,-0.5197,-0.2178,0.0150,-0.0411
2.9289,0.0177,-1.1605,-0.6078,10.7049,0.5610,0.1617,-0.5243,-0.2434,-0.1707,-0.0444
2.9469,0.0178,-1.5577,-0.4493,9.9027,0.5610,0.1617,-0.5243,-0.2615,-0.2925,-0.0538
2.9649,0.0178,-1.6193,-0.3129,9.7669,0.5604,0.1609,-0.5323,-0.3957,-0.2216,-0.0200
2.9829,0.0178,-1.7019,-0.7226,10.7707,0.5613,0.1572,-0.5225,-0.7327,0.0938,0.1388
3.0009,0.0178,-0.9541,-0.4217,10.8437,0.5613,0.1572,-0.5225,-0.9820,0.1321,0.2647
3.0189,0.0178,-0.4403,-0.0173,10.8652,0.5683,0.1463,-0.5265,-1.0285,0.2802,0.2343
3.0369,0.0178,0.0718,0.9751,11.9414,0.5652,0.1317,-0.5174,-0.4297,0.6312,0.0214
3.0549,0.0178,1.4417,1.3394,11.7954,0.5652,0.1317,-0.5174,0.1266,0.3990,-0.1219
3.0729,0.0178,-0.6532,-0.1095,10.5051,0.5741,0.1289,-0.5184,0.2308,0.1752,-0.1965
3.0909,0.0178,-1.6887,-0.0024,9.9290,0.5772,0.1214,-0.5201,0.1171,-0.0127,-0.0069
3.1089,0.0178,-1.6558,-0.2124,9.3847,0.5775,0.1323,-0.5193,-0.0426,0.0467,0.0736
3.1269,0.0178,-1.2724,0.0754,9.0437,0.5775,0.1323,-0.5193,-0.0157,-0.0603,0.0544
3.1449,0.0178,-1.4830,0.4558,8.9378,0.5797,0.1284,-0.5197,-0.0406,-0.4236,0.1138
3.1629,0.0178,-1.6169,-1.1091,7.9232,0.5837,0.1278,-0.5246,-0.2268,-0.1174,0.0144
3.1809,0.0178,-0.6000,0.5139,10.0379,0.5837,0.1278,-0.5246,-0.1388,-0.2479,0.0600
3.1989,0.0178,-1.4046,-0.0526,10.0499,0.5781,0.1222,-0.5187,-0.1017,-0.3842,0.0371
3.2169,0.0178,-1.0911,0.1322,10.1492,0.5725,0.1323,-0.5285,-0.1539,-0.5305,0.0121
3.2349,0.0178,0.0574,-0.2285,9.3972,0.5725,0.1323,-0.5285,-0.4516,-0.5712,0.0440
3.2529,0.0178,-0.0861,-0.1238,9.2052,0.5666,0.1247,-0.5236,-0.8079,-0.4366,0.0279
3.2709,0.0178,-1.4961,0.5306,8.2965,0.5590,0.1175,-0.5264,-1.0272,-0.4041,0.1749
3.2889,0.0178,-1.9741,1.0863,10.1085,0.5537,0.1063,-0.5328,-0.7947,-0.2117,0.1428
3.3069,0.0178,-0.8770,1.6528,10.8544,0.5537,0.1063,-0.5328,-0.3940,-0.1611,0.0382
3.3249,0.0178,-1.3442,0.7322,10.6140,0.5593,0.0967,-0.5296,-0.1733,0.0063,0.0936
3.3429,0.0178,-2.2349,0.7484,8.8828,0.5582,0.0956,-0.5258,-0.2077,0.2747,0.1011
3.3609,0.0178,-1.2736,0.0287,9.1813,0.5582,0.0956,-0.5258,-0.2906,0.0677,0.1420
3.3789,0.0178,-1.4836,0.9745,9.2931,0.5551,0.0965,-0.5194,-0.2424,-0.0493,0.2338
3.3969,0.0178,-1.2760,0.9242,9.6000,0.5579,0.0953,-0.5310,-0.1585,-0.0993,0.3329
3.4149,0.0178,0.3667,1.2754,10.9490,0.5579,0.0953,-0.5310,0.0232,-0.5102,0.0774
3.4329,0.0178,-0.3727,1.4022,10.7527,0.5523,0.0867,-0.5341,0.1782,-0.7213,0.1055
3.4509,0.0178,-1.5147,0.6520,10.4249,0.5419,0.0931,-0.5268,0.2619,-0.3848,0.0985
3.4689,0.0178,-1.8233,0.6144,10.0690,0.5375,0.0987,-0.5330,0.4001,-0.1440,0.0295
3.4869,0.0178,-1.3202,0.6144,9.7908,0.5375,0.0987,-0.5330,0.4789,-0.0741,-0.0903
3.5049,0.0178,-1.0929,0.9721,10.0253,0.5375,0.1051,-0.5260,0.5202,0.0849,-0.0032
3.5229,0.0178,-1.0714,0.5952,9.9206,0.5333,0.1205,-0.5219,0.4073,0.1510,0.0374
3.5409,0.0178,-1.1055,1.0391,10.7079,0.5333,0.1205,-0.5219,0.4360,0.1074,0.0473
3.5589,0.0178,-1.8305,1.3609,13.6158,0.5349,0.1130,-0.5356,0.5994,0.1164,0.0652
3.5769,0.0178,-3.4152,0.2536,19.5996,0.5383,0.1261,-0.5293,0.1480,0.4870,-0.0716
3.5979,0.0208,-5.7661,0.4493,19.5996,0.5419,0.1245,-0.5191,-0.9714,0.5849,0.2049
3.6159,0.0177,-3.7382,2.0411,19.5996,0.5419,0.1245,-0.5191,-1.7094,1.9377,0.4856
3.6339,0.0178,-1.5565,2.8152,16.8742,0.5481,0.1110,-0.4854,-1.6855,2.0411,0.4611
3.6519,0.0178,0.5157,-0.8171,8.5513,0.5562,0.0923,-0.4617,-1.1322,1.3338,0.1959
3.6699,0.0178,3.9589,-0.0389,-5.1368,0.5562,0.0923,-0.4617,0.0880,0.5356,-0.0794
3.6879,0.0178,1.9693,-1.9065,-8.1571,0.5517,0.0956,-0.4379,0.8902,0.1268,-0.1203
3.7069,0.0184,-0.6353,-2.7601,-5.3037,0.5501,0.1029,-0.4385,1.1425,0.0086,0.1927
3.7249,0.0178,-0.5707,0.0814,-2.3892,0.5501,0.1029,-0.4385,2.0673,-0.1402,0.3380
3.7429,0.0178,-0.8512,0.1950,3.1693,0.5534,0.1191,-0.4257,2.5478,-0.4462,0.2454
3.7609,0.0178,-0.2830,-0.7454,8.8325,0.5425,0.1359,-0.4332,2.3109,-0.3844,0.0932
3.7789,0.0178,-1.4830,-1.5212,10.7037,0.5394,0.1516,-0.4404,1.8269,-0.3783,0.0562
3.7969,0.0178,-0.1525,-1.9394,12.3601,0.5394,0.1516,-0.4404,1.2283,-0.0669,0.0666
3.8149,0.0177,1.0158,-2.0429,12.3685,0.5439,0.1679,-0.4449,0.3253,0.0312,0.1071
3.8329,0.0178,0.7591,-1.0989,10.4608,0.5372,0.1695,-0.4451,-0.2410,0.1689,0.1837
3.8509,0.0178,0.4379,-0.3733,9.7502,0.5372,0.1695,-0.4451,-0.2950,0.2364,0.2477
3.8692,0.0182,0.5163,-0.4355,9.0048,0.5363,0.1718,-0.4523,-0.2752,0.3926,0.3285
3.8909,0.0214,-0.0957,-0.4983,9.9344,0.5389,0.1712,-0.4397,-0.0935,0.3648,0.3204
3.9089,0.0177,-0.7765,-0.9823,10.5500,0.5484,0.1572,-0.4437,0.0353,0.2043,0.2132
3.9269,0.0178,-0.3027,-1.1665,10.3549,0.5484,0.1572,-0.4437,0.0308,0.1274,0.1119
3.9449,0.0178,-0.2279,-1.0391,9.5121,0.5487,0.1662,-0.4360,-0.0635,-0.0299,0.0823
3.9629,0.0178,-0.0006,-0.8399,8.5053,0.5405,0.1659,-0.4260,-0.2211,0.0295,0.0469
3.9809,0.0178,0.0682,-0.7860,8.2211,0.5405,0.1659,-0.4260,-0.3871,0.0622,0.0644
3.9989,0.0178,0.3428,-0.7077,8.2528,0.5400,0.1519,-0.4322,-0.4711,-0.0046,0.0420
4.0169,0.0178,0.4463,-0.5767,8.0489,0.5492,0.1497,-0.4234,-0.5718,0.0857,0.0356
4.0349,0.0178,0.1687,-0.7418,8.2863,0.5433,0.1494,-0.4196,-0.5890,0.0825,0.0460
4.0529,0.0178,-0.5049,-0.7280,8.4078,0.5433,0.1494,-0.4196,-0.5751,-0.1228,0.0944
4.0709,0.0178,-0.4816,-0.6162,8.7482,0.5439,0.1441,-0.4077,-0.4749,-0.1924,0.0841
4.0889,0.0178,0.0197,-0.6867,8.9569,0.5414,0.1368,-0.4218,-0.3764,-0.2219,0.0397
4.1069,0.0178,-0.1424,-0.5803,8.4712,0.5414,0.1368,-0.4218,-0.3887,-0.2526,-0.0035
4.1249,0.0178,-0.6233,-0.5312,8.3815,0.5431,0.1362,-0.4197,-0.3662,-0.2795,-0.0617
4.1429,0.0178,0.0473,-0.2662,11.2546,0.5369,0.1264,-0.4232,-0.3532,-0.0421,-0.1465
4.1609,0.0178,-1.2203,0.1908,18.7442,0.5369,0.1264,-0.4232,-0.5055,0.2607,-0.1668
4.1789,0.0178,0.3757,1.1007,19.5996,0.5461,0.1284,-0.4182,-0.8005,1.0595,0.0809
4.1969,0.0178,-1.8461,1.4381,19.5996,0.5537,0.1231,-0.4246,-0.8755,1.4745,0.6118
4.2149,0.0178,-1.4620,1.5356,19.5996,0.5627,0.1037,-0.3840,-0.5272,2.5388,0.8351
4.2329,0.0178,0.4355,-1.8574,9.6461,0.5627,0.1037,-0.3840,-0.2584,2.4206,0.4438
4.2509,0.0178,3.1472,-2.7194,-0.6156,0.5551,0.1032,-0.3499,0.2395,1.0909,0.0564
4.2689,0.0178,3.0993,-1.5410,-3.1226,0.5534,0.1035,-0.3354,0.7989,0.1545,-0.3540
4.2869,0.0178,0.2722,-1.6845,-2.3844,0.5534,0.1035,-0.3354,0.9873,-0.5153,-0.4149
4.3049,0.0178,-2.0285,-0.5228,-3.0036,0.5338,0.1172,-0.3338,0.9392,-0.9093,-0.1736
4.3229,0.0178,0.9488,0.7890,-0.0532,0.5260,0.1348,-0.3416,0.9939,-0.8917,0.0415
4.3409,0.0178,1.4572,0.0365,3.6778,0.5260,0.1348,-0.3416,0.6587,-0.4081,0.1245
4.3589,0.0178,1.1503,-0.7968,6.7190,0.5181,0.1343,-0.3584,0.0629,-0.2042,0.1258
4.3769,0.0178,1.5589,-1.3460,9.9637,0.5167,0.1334,-0.3433,-0.5301,-0.1097,0.0924
4.3949,0.0178,1.2162,-1.3860,11.5460,0.5083,0.1385,-0.3570,-0.7871,-0.1100,0.0483
4.4129,0.0178,1.1007,-1.0684,11.5597,0.5083,0.1385,-0.3570,-0.7724,-0.1663,0.0389
4.4309,0.0178,0.8399,-0.8800,10.3041,0.5123,0.1292,-0.3569,-0.6561,-0.1657,0.0234
4.4489,0.0178,0.8638,-0.4702,8.6638,0.5092,0.1317,-0.3567,-0.4539,-0.0884,0.0846
4.4670,0.0179,0.7980,-0.0419,7.9962,0.5092,0.1317,-0.3567,-0.0932,-0.1243,0.1411
4.4951,0.0279,1.3280,-0.1639,8.4353,0.5041,0.1289,-0.3569,0.3154,-0.2515,0.2359
4.5151,0.0198,0.9553,-0.2554,10.7551,0.5025,0.1295,-0.3510,0.2208,-0.4478,0.1804
4.5350,0.0196,3.6365,0.4457,16.9502,0.4969,0.1317,-0.3601,-0.3187,-0.1932,0.0531
4.5539,0.0186,4.0241,0.5868,19.5996,0.4893,0.1275,-0.3510,-0.5492,0.1597,0.0434
4.5720,0.0179,0.5115,0.5988,19.5996,0.4893,0.1275,-0.3510,-0.2341,0.3560,0.0619
4.5909,0.0186,-2.3797,0.2991,18.6275,0.4829,0.1239,-0.3500,0.1092,0.3798,0.2634
4.6089,0.0178,-1.8191,-0.1011,9.7502,0.4742,0.1357,-0.3363,0.1491,0.7129,0.1631
4.6269,0.0178,-0.0389,-0.3607,2.7829,0.4445,0.1446,-0.3459,-0.1133,0.9534,-0.0854
4.6449,0.0178,-0.8847,-0.2889,0.2327,0.4445,0.1446,-0.3459,-0.0438,0.3943,-0.2112
4.6629,0.0178,0.7872,-0.2530,-0.8076,0.4543,0.1511,-0.3493,-0.0357,0.2095,-0.2231
4.6809,0.0178,2.6967,0.1759,0.0849,0.4465,0.1502,-0.3527,0.1278,0.2698,-0.2929
4.6989,0.0178,3.1771,0.1872,1.0074,0.4465,0.1502,-0.3527,0.0742,0.2129,-0.3062
4.7169,0.0178,1.5517,0.0012,4.0499,0.4504,0.1449,-0.3644,0.0858,-0.0089,-0.2039
4.7349,0.0178,1.2096,0.0951,6.6616,0.4521,0.1539,-0.3585,0.2334,0.0519,-0.0689
4.7529,0.0178,0.8991,0.0497,8.7841,0.4521,0.1539,-0.3585,0.4082,-0.0209,0.0609
4.7709,0.0178,0.6239,-0.8937,9.8704,0.4543,0.1533,-0.3639,0.4299,0.0463,0.1929
4.7889,0.0178,0.5629,-1.3932,10.3645,0.4462,0.1536,-0.3585,0.3625,-0.0368,0.1756
4.8069,0.0178,1.4034,-1.5715,10.0247,0.4582,0.1502,-0.3583,0.2181,0.0264,0.1028
4.8249,0.0178,1.1342,-1.4249,9.1484,0.4582,0.1502,-0.3583,0.1264,-0.0909,0.0648
4.8429,0.0178,0.8548,-0.9667,8.6219,0.4563,0.1544,-0.3591,0.1396,-0.2711,0.0916
4.8609,0.0178,1.1294,-0.8937,7.6385,0.4509,0.1541,-0.3623,0.0822,-0.2611,0.1332
4.8801,0.0190,1.1521,-0.7968,7.3023,0.4509,0.1541,-0.3623,-0.0128,-0.3102,0.1552
4.9000,0.0196,1.8592,-0.7232,8.8349,0.4529,0.1553,-0.3695,-0.0238,-0.4389,0.1749
4.9189,0.0187,2.5113,-1.0217,12.7262,0.4549,0.1564,-0.3647,-0.1692,-0.5563,0.0243
4.9369,0.0178,4.1659,-0.8022,19.1599,0.4400,0.1603,-0.3647,-0.6723,-0.4753,-0.2089
4.9549,0.0178,3.7735,-0.3823,19.5996,0.4400,0.1603,-0.3647,-1.3262,0.0951,-0.2648
4.9729,0.0178,-1.0696,-0.0939,19.5996,0.4308,0.1508,-0.3786,-0.7336,0.5373,-0.1465
4.9909,0.0178,-3.1651,0.4959,19.5996,0.4378,0.1477,-0.3780,0.4937,0.3199,0.2479
5.0089,0.0178,-1.2915,-1.3220,9.9769,0.4378,0.1477,-0.3780,1.1312,-0.1610,0.5128
5.0269,0.0177,3.0371,-0.5180,-0.3069,0.4277,0.1592,-0.3891,0.7729,-0.0950,0.5119
5.0449,0.0178,4.0875,0.5934,-3.1914,0.4249,0.1743,-0.4110,-0.3407,0.0009,0.3951
5.0629,0.0178,3.5246,0.9248,-0.0568,0.4302,0.1648,-0.4259,-0.6092,0.4487,0.2969
5.0809,0.0177,0.7663,-0.7621,3.5282,0.4302,0.1648,-0.4259,-0.6742,0.2314,0.0822
5.0989,0.0178,0.3117,-1.3208,5.6883,0.4283,0.1645,-0.4250,-0.5848,-0.1458,-0.0258
5.1169,0.0178,1.0696,-0.1860,6.4193,0.4361,0.1575,-0.4234,-0.2798,-0.0802,-0.0440
5.1349,0.0178,1.6786,0.2381,7.5464,0.4361,0.1575,-0.4234,-0.0215,0.0964,0.0591
5.1529,0.0178,1.5063,-0.0736,8.7236,0.4294,0.1505,-0.4318,0.1428,0.2743,0.1831
5.1709,0.0178,0.8871,-0.8345,9.8644,0.4288,0.1592,-0.4092,0.2747,0.2491,0.2118
5.1889,0.0178,0.9320,-0.9577,10.2760,0.4288,0.1592,-0.4092,0.3546,0.1118,0.1811
5.2069,0.0178,0.7029,-0.9476,9.5234,0.4285,0.1603,-0.4290,0.3160,0.0431,0.1342
5.2249,0.0178,1.3938,-1.0385,9.5623,0.4255,0.1679,-0.4284,0.1655,-0.0069,0.0591
5.2429,0.0178,1.3178,-0.7023,8.5860,0.4291,0.1763,-0.4271,0.0530,0.0832,0.0061
5.2609,0.0178,0.8590,-0.4385,7.6098,0.4291,0.1763,-0.4271,0.0738,0.0603,-0.0035
5.2789,0.0178,1.5188,-0.5408,7.3328,0.4333,0.1704,-0.4350,0.0666,-0.0075,0.0012
5.2969,0.0178,1.8616,-0.4086,7.3651,0.4207,0.1740,-0.4402,0.1222,-0.0243,0.0255
5.3149,0.0178,1.1844,-0.3182,7.7659,0.4207,0.1740,-0.4402,0.1964,-0.0130,0.0663
5.3329,0.0178,1.1677,-0.7549,7.8168,0.4263,0.1757,-0.4315,0.0944,0.0487,0.0938
5.3509,0.0178,1.9908,-0.6993,8.3797,0.4243,0.1754,-0.4340,-0.0447,-0.0018,0.0235
5.3689,0.0178,1.4124,-0.8303,7.9561,0.4243,0.1754,-0.4340,-0.0950,-0.1487,-0.0231
5.3869,0.0178,0.9452,-0.8231,8.0728,0.4221,0.1807,-0.4246,-0.0903,-0.2410,-0.0032
5.4049,0.0178,1.1515,-0.5103,8.0297,0.4201,0.1833,-0.4281,-0.1206,-0.3180,-0.0075
5.4229,0.0178,0.8608,-1.0487,8.6010,0.4126,0.1746,-0.4242,-0.1069,-0.2592,0.0351
5.4409,0.0178,0.6616,-1.0008,8.8229,0.4126,0.1746,-0.4242,-0.0254,-0.2625,0.0455
5.4589,0.0178,1.0158,-1.0816,8.4532,0.4101,0.1807,-0.4215,-0.0794,-0.2104,0.0915
5.4769,0.0178,0.7657,-1.1480,7.1169,0.4011,0.1821,-0.4194,-0.1445,-0.0667,0.1396
5.4949,0.0178,-0.3458,-1.1067,5.5047,0.4011,0.1821,-0.4194,-0.2373,0.1155,0.2782
5.5129,0.0178,-1.3645,-1.4088,1.9819,0.4017,0.1830,-0.4022,-0.0318,0.0241,0.3418
5.5309,0.0178,-2.8953,-2.0518,-1.7659,0.4070,0.1765,-0.4022,0.0556,-0.0974,0.1856
5.5489,0.0178,-2.6590,0.8764,-6.6544,0.4070,0.1765,-0.4022,0.2129,-1.0003,-0.2966
5.5679,0.0185,4.1964,-0.8201,-13.1773,0.4059,0.1760,-0.3945,1.3054,-1.0208,-0.4221
5.5859,0.0178,7.8347,0.3996,-12.5073,0.4075,0.1709,-0.3772,2.4551,-1.6513,-0.0892
5.6039,0.0178,2.9372,-0.4032,-5.9097,0.4375,0.1852,-0.3748,2.6005,-1.8308,0.0944
5.6219,0.0178,-0.8064,-0.5946,4.6235,0.4375,0.1852,-0.3748,1.7182,-2.2509,0.0487
5.6399,0.0178,-2.6369,-1.9502,12.7908,0.4619,0.1905,-0.3758,-0.1797,-1.7891,0.1602
5.6579,0.0178,-4.0887,-3.8578,19.0265,0.4820,0.1844,-0.3942,-1.2963,-1.1161,0.1335
5.6759,0.0178,-2.8654,-3.7627,19.5996,0.4820,0.1844,-0.3942,-1.8144,-0.4624,0.2427
5.6939,0.0178,-3.5551,-3.0497,19.5996,0.5061,0.1757,-0.4375,-1.7533,-0.2645,0.4039
5.7119,0.0178,-0.9320,-1.9908,19.5996,0.5125,0.1667,-0.4487,-1.4128,-0.2156,0.4105
5.7299,0.0178,1.2700,-2.0207,16.7013,0.5125,0.1667,-0.4487,-1.3369,0.1915,0.3662
5.7479,0.0178,-0.4612,-1.6301,12.0873,0.5181,0.1536,-0.4711,-1.4598,0.4042,0.1738
5.7659,0.0178,-1.7982,-0.0879,9.7460,0.5221,0.1323,-0.4732,-1.4872,0.2648,-0.0206
5.7839,0.0178,-1.1240,0.6849,10.0941,0.5372,0.1144,-0.4879,-1.4407,0.0597,-0.0715
5.8019,0.0178,-0.1759,0.6239,11.1595,0.5372,0.1144,-0.4879,-1.4722,0.1335,0.0548
5.8199,0.0178,-0.3960,0.6203,12.1155,0.5425,0.1023,-0.4669,-1.4102,-0.0373,0.0134
5.8379,0.0178,-0.0299,0.9607,14.3240,0.5573,0.0872,-0.4834,-1.1119,0.0480,-0.1794
5.8559,0.0178,-0.6335,1.7928,15.6126,0.5573,0.0872,-0.4834,-0.5916,-0.1208,-0.3561
5.8742,0.0181,-1.8221,2.6255,16.3920,0.5638,0.0707,-0.4850,0.0302,-0.2970,-0.3803
5.8940,0.0195,1.7492,0.8501,17.4227,0.5783,0.0637,-0.5036,2.0360,1.3590,-0.5166
5.9129,0.0187,2.1105,1.3047,19.5996,0.5971,0.0956,-0.5146,2.8439,-0.1390,-0.1539
5.9309,0.0178,-0.8937,-0.6879,12.6018,0.5971,0.0956,-0.5146,1.8144,-0.7239,0.1604
5.9489,0.0178,0.7334,0.0724,8.4413,0.5797,0.1267,-0.5286,0.5672,-0.4305,0.4004
5.9669,0.0178,0.8034,-1.1689,8.2726,0.5736,0.1382,-0.5279,-0.2001,0.1636,0.3063
5.9859,0.0188,-1.3448,-0.1220,11.0979,0.5736,0.1382,-0.5279,0.1568,0.0757,0.0295
6.0039,0.0178,-0.4546,-0.2106,10.2694,0.5772,0.1376,-0.5356,0.3483,-0.3257,-0.0857
6.0219,0.0178,-1.1252,-1.0935,9.5181,0.5786,0.1390,-0.5338,0.3322,-0.2792,-0.1813
6.0399,0.0178,-0.6179,-1.0696,7.2766,0.5786,0.1438,-0.5460,0.1106,-0.0003,-0.2633
6.0579,0.0178,-1.0217,-0.8758,7.7336,0.5786,0.1438,-0.5460,-0.0721,0.1529,-0.2822
6.0759,0.0178,-1.4895,-0.8207,9.6933,0.5795,0.1541,-0.5512,0.0050,0.2445,-0.1929
6.0939,0.0178,-1.0457,-1.4901,11.0542,0.5915,0.1452,-0.5487,0.0918,0.2976,-0.1323
6.1119,0.0178,-0.1813,-1.4088,10.7988,0.5915,0.1452,-0.5487,0.0744,0.1396,0.0105
6.1299,0.0178,-0.1161,-1.1503,9.5695,0.5923,0.1469,-0.5481,-0.0628,-0.0345,0.0547
6.1479,0.0178,0.6897,-1.3657,9.4684,0.5929,0.1502,-0.5447,-0.3931,0.0339,0.0919
6.1659,0.0178,-0.1382,-0.4911,9.3099,0.5929,0.1502,-0.5447,-0.4881,0.0556,0.0217
6.1839,0.0178,-0.3691,-0.6550,9.0838,0.5879,0.1516,-0.5438,-0.3867,-0.0434,0.0603
6.2019,0.0178,-0.2542,-0.3093,10.1210,0.5923,0.1455,-0.5475,-0.1857,-0.0591,0.0982
6.2199,0.0178,-0.6790,-1.1653,8.5908,0.5960,0.1527,-0.5405,-0.2207,-0.0108,0.0194
6.2379,0.0178,-0.1274,-0.4493,9.2620,0.5960,0.1527,-0.5405,-0.2517,0.1199,0.0499
6.2559,0.0178,-0.1436,-0.2824,10.6337,0.5901,0.1595,-0.5403,-0.0747,0.0919,0.0980
6.2739,0.0178,-0.1472,-1.1635,9.5079,0.5937,0.1519,-0.5440,-0.2141,-0.1045,0.1278
6.2919,0.0178,-0.8136,-0.7759,9.4181,0.5937,0.1519,-0.5440,-0.3230,-0.1235,0.0716
6.3099,0.0178,-0.3063,-0.0562,9.5707,0.5876,0.1583,-0.5459,-0.2947,-0.1429,0.0556
6.3279,0.0178,0.1304,-0.8590,8.9868,0.5803,0.1527,-0.5491,-0.3963,-0.0156,-0.0605
6.3459,0.0178,-0.9105,0.3601,9.8495,0.5803,0.1527,-0.5491,-0.1016,0.1182,0.0218
6.3639,0.0178,-0.4510,-0.0221,9.6580,0.5876,0.1477,-0.5585,0.0095,0.1022,0.1527
6.3819,0.0178,-0.5139,-0.6108,10.4375,0.5814,0.1488,-0.5443,0.0730,0.1390,0.2022
6.3999,0.0178,-0.3027,-0.7226,9.5707,0.5856,0.1541,-0.5470,0.0545,0.0388,0.2117
6.4179,0.0178,-0.6209,-0.5318,10.4536,0.5856,0.1541,-0.5470,0.0333,0.1417,0.1371
6.4359,0.0178,0.3446,-0.0060,10.8359,0.5898,0.1485,-0.5467,0.1770,0.1943,0.0910
6.4539,0.0178,1.0247,-0.6915,10.3938,0.5865,0.1578,-0.5643,0.2659,0.0014,-0.0284
6.4720,0.0178,-0.6419,-0.3464,10.7683,0.5865,0.1578,-0.5643,0.4071,-0.3137,0.0278
6.4899,0.0177,-0.1789,-0.4606,11.7422,0.5845,0.1555,-0.5459,0.5982,-0.5904,0.0060
6.5080,0.0178,0.2034,-1.0175,11.7942,0.5786,0.1625,-0.5517,0.5999,-0.7814,-0.0947
6.5259,0.0178,-0.2566,-1.3567,13.7163,0.5786,0.1625,-0.5517,0.5134,-0.4936,-0.0771
6.5439,0.0178,0.2321,-0.9338,17.4754,0.5767,0.1718,-0.5571,0.5420,-0.4114,0.0785
6.5619,0.0178,-1.1838,-0.7693,18.1579,0.5705,0.1793,-0.5629,0.5884,-0.4203,0.0620
6.5799,0.0178,-1.0528,-1.6343,18.3039,0.5565,0.1788,-0.5456,0.2726,-0.2130,0.0596
6.5979,0.0178,0.1095,-2.0142,18.0168,0.5565,0.1788,-0.5456,-0.0409,-0.2419,-0.0629
6.6159,0.0178,-1.6265,-2.0297,18.1603,0.5433,0.1849,-0.5195,-0.2773,-0.2640,-0.0539
6.6339,0.0178,-2.8104,-1.3944,16.8700,0.5341,0.1816,-0.5100,-0.4317,-0.6275,-0.2078
6.6519,0.0178,-3.1059,-1.9107,15.9577,0.5341,0.1816,-0.5100,-0.6749,-0.5979,-0.3039
6.6699,0.0178,-2.1194,-1.3167,16.9095,0.5260,0.1768,-0.5061,-0.8114,0.0811,-0.3522
6.6879,0.0178,-0.9488,-0.1460,16.6965,0.5120,0.1597,-0.4949,-0.5933,0.5644,-0.2416
6.7059,0.0178,-3.9230,-0.2429,13.9681,0.5120,0.1597,-0.4949,-0.3490,0.6138,-0.1646
6.7239,0.0178,-4.2802,-0.7011,10.4889,0.5190,0.1519,-0.4579,-0.2569,1.0272,-0.2043
6.7419,0.0178,-1.5206,-0.4032,8.2014,0.5156,0.1407,-0.4332,-0.1590,1.8468,-0.1535
6.7599,0.0178,0.6156,-0.7651,4.3525,0.5148,0.1449,-0.3872,-0.1385,2.5650,-0.0275
6.7779,0.0178,-1.6534,-2.6626,1.1779,0.5148,0.1449,-0.3872,-0.5530,2.6851,0.3477
6.7959,0.0178,-1.9950,-2.1835,-1.3741,0.4994,0.1519,-0.3451,-0.8282,2.6374,0.3053
6.8139,0.0178,-0.2620,-0.8022,-3.1029,0.4812,0.1544,-0.3321,-0.7775,2.4728,0.0623
6.8319,0.0178,-0.2835,-0.7412,-7.4279,0.4812,0.1544,-0.3321,-0.7413,2.0000,0.0428
6.8499,0.0178,-0.5354,-1.5906,-10.5206,0.4750,0.1561,-0.3177,-0.9759,1.4997,0.0716
6.8684,0.0183,0.1699,-2.8648,-14.8953,0.4666,0.1527,-0.3009,-1.0269,0.9061,-0.0967
6.8880,0.0193,1.9137,-3.2327,-18.0323,0.4806,0.1477,-0.2997,-0.3867,0.0701,-0.2505
6.9079,0.0196,1.5936,-2.3779,-16.9179,0.4806,0.1477,-0.2997,0.8079,-0.7014,-0.2576
6.9259,0.0178,-1.3681,-1.2257,-10.2030,0.5095,0.1469,-0.2979,1.5432,-1.1755,-0.1836
6.9439,0.0178,-3.1801,1.4530,-0.3129,0.5456,0.1359,-0.3013,1.6651,-1.5924,0.0082
6.9620,0.0179,-3.4277,0.6353,9.5665,0.5456,0.1359,-0.3013,1.1037,-1.6134,0.3523
6.9799,0.0177,-0.9541,-0.2572,16.8742,0.5627,0.1460,-0.3465,0.4989,-1.3862,0.4320
6.9979,0.0178,0.7549,-1.1862,19.5996,0.5750,0.1639,-0.3815,0.1503,-0.8173,0.3068
7.0159,0.0178,1.3992,-0.7059,19.5996,0.5750,0.1667,-0.4070,0.2537,-0.4250,0.1223
7.0339,0.0178,1.7988,-0.1448,19.5996,0.5781,0.1667,-0.4070,0.3897,-0.4197,0.0681
7.0519,0.0178,2.1500,-1.5212,18.9206,0.5837,0.1690,-0.4241,0.1909,-0.4950,0.0535
7.0699,0.0178,0.6945,-2.6393,15.7807,0.5865,0.1662,-0.4390,-0.1840,-0.5435,0.0635
7.0879,0.0178,-0.0233,-1.8473,13.8479,0.5865,0.1662,-0.4390,-0.3882,-0.6593,0.2647
7.1059,0.0178,-0.1484,-0.7717,13.8197,0.5853,0.1586,-0.4523,-0.4815,-0.7891,0.3264
7.1239,0.0179,-0.7519,0.4164,12.1490,0.5842,0.1575,-0.4525,-0.3888,-0.6426,0.0489
7.1419,0.0178,-0.1663,0.0688,11.0794,0.5842,0.1575,-0.4525,-0.4038,-0.4119,0.1636
7.1599,0.0178,0.8638,-0.9105,10.0893,0.5795,0.1421,-0.4753,-0.6623,-0.0863,0.0623
7.1779,0.0178,1.0283,-1.5775,9.7831,0.5881,0.1385,-0.4742,-0.8323,-0.1115,0.0461
7.1959,0.0178,1.1545,-0.7789,10.8215,0.5881,0.1343,-0.4717,-0.6953,-0.2300,-0.0504
7.2139,0.0178,0.3858,0.3840,11.6423,0.5898,0.1343,-0.4717,-0.3648,-0.3097,-0.0727
7.2319,0.0178,0.4738,-0.0173,10.9777,0.5963,0.1326,-0.4887,-0.2188,-0.2860,-0.1620
7.2499,0.0178,0.7609,0.2758,11.3252,0.6002,0.1315,-0.4959,-0.2280,-0.2225,-0.0153
7.2679,0.0178,0.9733,0.5055,11.4012,0.6002,0.1315,-0.4959,-0.2031,-0.1294,0.1964
7.2859,0.0178,0.3709,0.2046,11.3982,0.6027,0.1183,-0.5030,-0.1909,-0.1260,0.1871
7.3039,0.0178,-0.2578,-0.3069,10.8371,0.5965,0.1247,-0.5089,-0.1880,-0.1159,0.1796
7.3219,0.0178,0.5031,-0.3224,11.5585,0.5965,0.1247,-0.5089,-0.0782,-0.1132,0.0744
7.3399,0.0178,0.1400,0.0215,10.8455,0.6033,0.1233,-0.5081,0.0874,0.0374,0.0104
7.3579,0.0178,0.4253,0.2423,11.4891,0.6072,0.1197,-0.5125,0.3348,0.1206,-0.0221
7.3759,0.0178,-0.4217,-0.3326,11.1171,0.6117,0.1219,-0.5181,0.3260,0.0646,0.0447
7.3949,0.0185,-0.2267,-0.6909,10.3837,0.6117,0.1219,-0.5181,0.1144,0.0370,0.0157
7.4129,0.0178,-0.2429,-0.3320,10.0295,0.6108,0.1289,-0.5326,-0.0254,0.0243,0.0278
7.4321,0.0190,-0.3559,-0.1603,9.4564,0.6097,0.1306,-0.5250,-0.0348,0.0493,0.0539
7.4526,0.0201,-0.2680,0.0867,9.4026,0.6097,0.1306,-0.5250,0.0753,-0.0796,0.0130
7.4722,0.0194,0.1322,-0.2369,8.9809,0.6136,0.1306,-0.5256,0.1472,-0.0539,-0.0069
7.4922,0.0198,0.3966,-0.7322,9.6861,0.6094,0.1348,-0.5243,0.1538,0.0197,-0.0148
7.5119,0.0194,0.6066,-0.4564,9.9218,0.6150,0.1407,-0.5296,0.0140,0.3167,0.0536
7.5299,0.0177,0.6245,-0.3290,10.0636,0.6150,0.1407,-0.5169,-0.1590,0.2654,0.0675
7.5479,0.0178,-0.5288,0.2536,9.4750,0.6075,0.1404,-0.5169,-0.1388,0.2034,0.0886
7.5659,0.0178,-0.1454,-0.3894,9.2997,0.6229,0.1446,-0.5239,-0.1626,0.1486,0.1477
7.5839,0.0178,0.2758,-0.4164,9.4385,0.6119,0.1449,-0.5223,-0.1100,0.0287,-0.0087
7.6019,0.0178,-0.4899,-0.2369,8.7434,0.6119,0.1449,-0.5223,0.2268,-0.3911,-0.2259
7.6199,0.0177,0.0796,0.3236,8.0219,0.6114,0.1477,-0.5181,0.5015,-0.3523,-0.2138
7.6379,0.0178,2.1559,-2.3647,10.7450,0.6139,0.1522,-0.5323,-0.1648,0.0906,0.1376
7.6559,0.0178,0.8489,0.2752,10.4728,0.6139,0.1522,-0.5323,-0.2375,-0.0194,0.0377
7.6739,0.0178,-0.5097,-0.2692,9.6102,0.6156,0.1466,-0.5288,-0.1863,-0.0980,0.1222
7.6919,0.0178,0.4971,-0.4690,9.0341,0.6103,0.1525,-0.5358,-0.1718,0.0070,0.0895
7.7099,0.0178,0.1651,-0.5151,9.0407,0.6103,0.1455,-0.5260,-0.2039,-0.0060,0.0739
7.7279,0.0178,0.2572,-0.6299,9.0640,0.6055,0.1455,-0.5260,-0.2611,-0.0392,0.0480
7.7459,0.0178,0.1137,-0.3057,9.7196,0.6089,0.1435,-0.5326,-0.2231,-0.1484,0.0470
7.7639,0.0178,0.1789,-0.4917,9.7095,0.6111,0.1413,-0.5358,-0.1865,-0.1683,0.0548
7.7819,0.0178,-0.1400,-0.2040,9.5462,0.6111,0.1413,-0.5358,-0.1527,-0.1943,0.0855
7.7999,0.0178,0.0383,-0.1920,9.6018,0.6086,0.1424,-0.5443,-0.1414,-0.1390,0.0892
7.8179,0.0178,-0.0167,-0.3087,9.2770,0.6030,0.1466,-0.5258,-0.1617,-0.1707,0.0884
7.8359,0.0178,0.0497,-0.2824,9.3440,0.6030,0.1466,-0.5258,-0.1894,-0.2755,0.0921
7.8539,0.0178,-0.1334,-0.2542,9.2949,0.5932,0.1471,-0.5410,-0.2164,-0.3361,0.0599
7.8720,0.0179,-0.0508,-0.0598,9.5755,0.5837,0.1592,-0.5419,-0.1674,-0.3610,0.0423
7.8911,0.0189,-0.0156,-0.2752,9.7011,0.5727,0.1609,-0.5422,-0.1297,-0.3407,0.0087
7.9099,0.0186,0.9129,0.6682,6.4241,0.5727,0.1609,-0.5422,-0.0570,-0.2660,0.0212
7.9279,0.0177,0.0084,-0.0185,9.1866,0.5727,0.1628,-0.5449,-0.0573,-0.0742,0.0128
7.9459,0.0178,-0.0772,-0.0425,9.1807,0.5772,0.1539,-0.5480,-0.1141,-0.1489,-0.0261
7.9639,0.0178,-0.2363,-0.0879,9.4762,0.5772,0.1539,-0.5480,-0.0855,-0.1930,-0.0116
7.9819,0.0178,-0.8590,-0.5258,9.9350,0.5730,0.1589,-0.5527,-0.1133,-0.1231,0.0008
7.9999,0.0178,-0.3230,-0.0628,9.3625,0.5671,0.1609,-0.5583,-0.1115,-0.1136,-0.0046
8.0179,0.0178,-0.3386,-0.1615,9.4995,0.5671,0.1609,-0.5583,-0.0637,-0.1549,0.0110
8.0359,0.0178,-0.8614,-1.1145,10.1880,0.5618,0.1659,-0.5582,-0.0997,-0.0612,0.0044
8.0539,0.0178,-0.3954,-0.0425,9.3960,0.5657,0.1547,-0.5506,-0.0901,-0.0632,0.0142
8.0719,0.0178,-0.4020,-0.0347,9.5061,0.5635,0.1586,-0.5533,-0.0788,-0.0660,0.0275
8.0899,0.0178,-0.4857,-0.1107,9.4421,0.5635,0.1586,-0.5533,-0.0732,-0.0867,0.0475
8.1079,0.0178,0.0502,1.1049,8.2044,0.5635,0.1609,-0.5498,-0.0635,-0.1791,0.0490
8.1259,0.0179,-0.3912,0.1232,9.7490,0.5646,0.1617,-0.5401,-0.0664,-0.0403,0.0455
8.1439,0.0178,-0.5474,-0.1155,9.4989,0.5646,0.1617,-0.5401,-0.0609,-0.0440,0.0501
8.1619,0.0178,-0.4469,-0.0520,9.4953,0.5638,0.1617,-0.5519,-0.0586,-0.0252,0.0438
8.1799,0.0178,-0.5037,-0.0126,9.4277,0.5694,0.1614,-0.5489,-0.0643,-0.0231,0.0415
8.1979,0.0178,-0.4648,-0.0329,9.4672,0.5694,0.1614,-0.5489,-0.0609,-0.0151,0.0463
8.2159,0.0178,-0.4259,-0.1328,9.4301,0.5660,0.1553,-0.5585,-0.0496,-0.0104,0.0487
8.2339,0.0178,-0.4768,-0.0957,9.5743,0.5629,0.1516,-0.5491,-0.0466,-0.0133,0.0593
8.2519,0.0178,-0.4714,-0.0461,9.5049,0.5632,0.1553,-0.5596,-0.0509,-0.0350,0.0531
8.2699,0.0178,-0.5318,-0.0317,9.4038,0.5632,0.1553,-0.5596,-0.0541,-0.0255,0.0599
8.2879,0.0178,-0.5115,-0.0239,9.3703,0.5655,0.1592,-0.5513,-0.0527,-0.0209,0.0542
8.3059,0.0178,-0.4845,-0.0987,9.4271,0.5643,0.1617,-0.5662,-0.0518,-0.0200,0.0470
8.3239,0.0178,-0.4229,-0.0341,9.4690,0.5643,0.1617,-0.5662,-0.0535,-0.0144,0.0380
8.3419,0.0178,-0.4128,-0.0718,9.4756,0.5618,0.1569,-0.5653,-0.0483,-0.0078,0.0284
8.3599,0.0178,-0.5396,-0.0239,9.4301,0.5671,0.1575,-0.5681,-0.0457,-0.0104,0.0510
8.3779,0.0178,-0.4738,-0.0598,9.4606,0.5671,0.1575,-0.5681,-0.0498,-0.0341,0.0599
8.3959,0.0178,-0.4672,-0.0616,9.4714,0.5627,0.1567,-0.5561,-0.0483,-0.0244,0.0570
8.4139,0.0178,-0.4522,-0.0682,9.4235,0.5627,0.1533,-0.5589,-0.0504,-0.0228,0.0544
8.4320,0.0179,-0.4277,-0.0520,9.4337,0.5702,0.1483,-0.5614,-0.0457,-0.0293,0.0538
8.4499,0.0177,-0.4875,-0.0616,9.4792,0.5702,0.1483,-0.5614,-0.0464,-0.0108,0.0518
8.4679,0.0177,-0.3960,-0.0467,9.4899,0.5587,0.1600,-0.5515,-0.0428,0.0089,0.0493
8.4859,0.0178,-0.5234,-0.0598,9.4002,0.5596,0.1586,-0.5544,-0.0490,0.0021,0.0512
8.5039,0.0178,-0.4774,-0.0502,9.4684,0.5596,0.1586,-0.5544,-0.0460,0.0101,0.0505
8.5219,0.0178,-0.5133,-0.0173,9.5378,0.5621,0.1609,-0.5543,-0.0315,0.0232,0.0535
8.5399,0.0178,-0.4283,-0.0520,9.4977,0.5655,0.1595,-0.5536,-0.0342,0.0292,0.0586
8.5579,0.0178,0.2608,1.0199,9.1328,0.5655,0.1595,-0.5463,-0.0267,0.0664,0.0652
8.5759,0.0178,-0.4086,-0.0993,9.5151,0.5736,0.1553,-0.5463,-0.0099,0.0342,0.0796
8.5939,0.0178,0.1161,0.0132,9.7502,0.5725,0.1497,-0.5554,-0.0099,0.0363,0.1323
8.6119,0.0178,-0.5533,0.0939,10.3262,0.5775,0.1513,-0.5638,0.0053,0.1037,0.2242
8.6299,0.0178,-0.5109,0.8255,10.4746,0.5775,0.1513,-0.5638,-0.0147,0.1556,0.4233
8.6479,0.0178,0.8255,-0.7262,12.9350,0.5845,0.1415,-0.5520,-0.1851,0.2695,0.1498
8.6659,0.0178,1.0493,-0.8638,14.3845,0.5848,0.1371,-0.5550,-0.3862,0.2098,0.0631
8.6839,0.0178,0.6951,0.5653,15.0449,0.5848,0.1371,-0.5550,-0.2555,0.2637,0.0834
8.7019,0.0178,0.8704,2.7769,15.4905,0.5856,0.1382,-0.5422,0.1378,0.5191,0.0490
8.7199,0.0178,1.2670,1.0923,16.9543,0.6013,0.1270,-0.5141,0.2847,1.0313,0.1303
8.7379,0.0178,0.7388,0.3601,14.6656,0.6013,0.1270,-0.4970,0.1129,1.3314,0.2917
8.7559,0.0178,-1.6481,-0.9990,10.5404,0.6145,0.1180,-0.4970,-0.3166,1.1281,0.2920
8.7739,0.0178,-2.6303,-0.6658,6.8536,0.6033,0.1163,-0.4701,-0.5741,0.5493,0.2072
8.7919,0.0178,-1.0690,-0.0867,2.9031,0.6063,0.1046,-0.4519,-0.6819,-0.0157,0.1758
8.8099,0.0178,-0.9733,-0.6574,-0.2602,0.6063,0.1046,-0.4519,-0.8758,-0.0915,0.1150
8.8279,0.0178,-0.5569,-1.2311,-1.9591,0.6030,0.0995,-0.4480,-1.1515,-0.2097,0.0924
8.8459,0.0178,-0.3416,-2.1607,-1.1139,0.5935,0.0973,-0.4551,-1.2546,-0.2778,0.0243
8.8639,0.0178,-0.2871,-1.5027,1.7827,0.5935,0.0973,-0.4551,-0.9178,-0.3847,-0.0649
8.8831,0.0190,-0.8590,0.1286,5.3103,0.5949,0.0833,-0.4364,-0.2778,-0.6402,-0.2941
8.9019,0.0185,-0.2333,1.5069,8.5627,0.6016,0.0769,-0.4476,0.3108,-0.4882,-0.2208
8.9199,0.0177,-0.2602,1.4913,10.5637,0.6024,0.0861,-0.4659,0.4137,-0.3566,0.0047
8.9379,0.0178,0.7848,0.1753,11.1661,0.6024,0.0861,-0.4659,0.2133,-0.2860,0.1017
8.9559,0.0178,0.4564,0.3876,11.3587,0.5943,0.0923,-0.4635,0.0796,-0.2250,0.1042
8.9739,0.0178,0.0562,0.9978,10.9358,0.5940,0.0897,-0.4708,0.1484,-0.2130,0.0622
8.9919,0.0178,-0.0861,0.7286,10.4124,0.5940,0.0897,-0.4708,0.1969,-0.2054,0.0144
9.0099,0.0178,-0.2967,0.2758,9.5049,0.5937,0.0864,-0.4802,0.1894,-0.2830,-0.0699
9.0279,0.0178,-1.0487,0.3643,8.7852,0.5940,0.0993,-0.4999,0.1478,-0.3633,-0.1303
9.0459,0.0178,-0.3894,1.0989,9.0867,0.5940,0.0993,-0.4999,0.1530,-0.4421,-0.0119
9.0639,0.0178,0.1681,1.3585,9.2357,0.5842,0.1130,-0.5012,0.1857,-0.3923,0.1487
9.0819,0.0178,0.2638,0.9960,9.6185,0.5831,0.1127,-0.5167,0.1443,-0.3018,0.2092
9.0999,0.0178,0.4654,0.6724,10.0032,0.5825,0.1113,-0.5277,0.0338,-0.2436,0.2587
9.1179,0.0178,0.4134,0.5827,11.1422,0.5825,0.1113,-0.5277,0.0144,-0.1437,0.1801
9.1359,0.0178,0.3320,1.1976,11.2846,0.5758,0.1105,-0.5435,0.0516,0.1263,0.1133
9.1539,0.0178,1.2718,1.5129,12.8656,0.5739,0.1124,-0.5407,0.2694,0.2934,0.1402
9.1719,0.0178,-0.0389,0.7789,11.7565,0.5739,0.1124,-0.5407,0.2825,0.2251,0.1588
9.1899,0.0178,-0.7801,0.0628,10.1330,0.5767,0.1197,-0.5432,0.1138,0.0360,0.0829
9.2079,0.0178,-0.7801,0.4630,9.2830,0.5767,0.1253,-0.5338,0.0840,-0.1834,0.0194
9.2269,0.0184,-0.9906,0.3954,8.3970,0.5727,0.1222,-0.5435,0.2251,-0.3386,0.0170
9.2449,0.0178,-0.1968,0.9470,8.8337,0.5727,0.1222,-0.5435,0.5476,-0.2634,0.0244
9.2629,0.0179,-0.2309,0.0209,9.2734,0.5817,0.1301,-0.5414,0.6510,-0.2231,0.0345
9.2809,0.0178,-0.6413,0.4965,8.5484,0.5741,0.1399,-0.5508,0.6092,-0.1049,0.0802
9.2989,0.0178,0.0281,-0.3948,10.2832,0.5741,0.1399,-0.5508,0.2159,-0.4319,0.1080
9.3169,0.0178,-1.0822,0.0766,11.8337,0.5775,0.1477,-0.5536,-0.0753,-0.2178,0.0736
9.3349,0.0178,-0.5318,-0.2118,10.7928,0.5699,0.1494,-0.5533,-0.0831,-0.0774,0.0713
9.3529,0.0178,-0.4152,-0.3553,9.2309,0.5699,0.1494,-0.5533,-0.0457,-0.1097,0.0829
9.3709,0.0178,-0.4169,-0.2937,8.9246,0.5646,0.1457,-0.5559,-0.0476,-0.0893,0.0834
9.3889,0.0178,-0.4217,-0.2758,8.8487,0.5624,0.1505,-0.5576,-0.0363,-0.3755,0.1211
9.4069,0.0178,-0.8022,-0.1986,9.4122,0.5596,0.1497,-0.5620,-0.1492,-0.1529,0.0284
9.4249,0.0178,-0.2620,0.0413,9.2931,0.5596,0.1497,-0.5620,-0.1976,-0.1374,-0.0140
9.4429,0.0178,-0.8201,0.0419,9.5127,0.5629,0.1595,-0.5620,-0.1973,-0.0713,-0.0257
9.4609,0.0178,-0.6963,0.0144,9.6317,0.5487,0.1561,-0.5642,-0.1507,-0.0179,-0.0338
9.4789,0.0178,-1.0008,-0.1842,9.6191,0.5487,0.1561,-0.5642,-0.1017,0.0739,-0.0246
9.4969,0.0178,-0.6431,-0.1424,9.1298,0.5456,0.1544,-0.5635,-0.0906,0.1016,-0.0145
9.5149,0.0178,-0.4241,-0.0550,9.2596,0.5501,0.1516,-0.5719,-0.0823,0.0996,0.0003
9.5329,0.0178,-0.5103,-0.0066,9.4050,0.5501,0.1516,-0.5719,-0.0637,0.1130,0.0208
9.5509,0.0178,-0.6120,0.0257,9.4846,0.5484,0.1516,-0.5554,-0.0493,0.1171,0.0507
9.5689,0.0178,-0.4241,-0.1047,9.3948,0.5506,0.1527,-0.5578,-0.0466,0.1307,0.0800
9.5869,0.0178,-0.5821,-0.0790,9.4720,0.5495,0.1603,-0.5565,-0.0418,0.1407,0.1022
9.6049,0.0178,-0.4702,-0.1155,9.4044,0.5495,0.1603,-0.5565,-0.0533,0.1494,0.1083
9.6229,0.0178,-0.5605,-0.1292,9.4917,0.5492,0.1567,-0.5551,-0.0602,0.1116,0.0979
9.6409,0.0178,-0.6975,0.0323,9.3099,0.5531,0.1536,-0.5487,-0.0858,0.1523,0.1197
9.6589,0.0178,-0.2973,-0.0700,9.6144,0.5531,0.1536,-0.5487,-0.0599,0.0649,0.0889
9.6769,0.0178,-0.4158,-0.0814,9.3009,0.5655,0.1471,-0.5526,-0.0883,0.1304,0.1083
9.6949,0.0178,-0.2489,-0.0078,9.7418,0.5669,0.1435,-0.5657,-0.0849,0.0912,0.1283
9.7129,0.0178,-0.6413,-0.1376,9.2279,0.5669,0.1435,-0.5657,-0.1246,0.3841,0.1576
9.7309,0.0178,-0.3224,0.0526,9.4283,0.5758,0.1401,-0.5489,-0.0342,1.1382,0.1352
9.7489,0.0178,2.5400,0.1513,14.6578,0.5879,0.1326,-0.5440,-0.0160,0.0522,0.2810
9.7669,0.0178,-0.5013,0.0371,9.7424,0.5825,0.1351,-0.5435,-0.0861,-0.3216,0.2416
9.7849,0.0178,-0.2770,-0.1765,9.3057,0.5825,0.1351,-0.5435,-0.0498,-0.0550,-0.0012
9.8029,0.0178,-0.1645,-0.0694,9.5055,0.5795,0.1351,-0.5561,-0.0476,-0.0533,0.0501
9.8209,0.0178,-0.2584,-0.0114,9.4965,0.5842,0.1303,-0.5576,-0.0221,0.0498,0.0385
9.8389,0.0178,-0.4935,0.2249,9.6012,0.5842,0.1303,-0.5576,0.0869,0.0646,0.0588
9.8569,0.0178,-0.5761,-0.1484,9.0293,0.5876,0.1306,-0.5487,-0.0626,-0.0194,0.0484
9.8750,0.0180,-0.1890,-0.0628,9.5115,0.5856,0.1275,-0.5571,-0.0539,0.0046,0.0524
9.8940,0.0186,-0.2273,-0.0239,9.4433,0.5856,0.1275,-0.5571,-0.0399,-0.0029,0.0556
9.9129,0.0186,-0.1095,-0.0485,9.4265,0.5845,0.1253,-0.5446,-0.0475,-0.0104,0.0571
9.9309,0.0178,-0.0849,-0.0209,9.4313,0.5881,0.1345,-0.5466,-0.0403,-0.0096,0.0539
9.9489,0.0178,-0.0855,-0.0144,9.5049,0.5867,0.1343,-0.5461,-0.0420,-0.0122,0.0559
9.9669,0.0178,-0.1059,-0.0221,9.4522,0.5867,0.1343,-0.5461,-0.0400,-0.0154,0.0542
9.9849,0.0178,-0.1083,-0.0156,9.4582,0.5845,0.1317,-0.5440,-0.0391,-0.0166,0.0557
10.0029,0.0178,-0.0927,-0.0162,9.4176,0.5809,0.1312,-0.5428,-0.0467,-0.0186,0.0579
